date,body_mass
2020-05-23,176.3696
2020-05-24,176.3450891478974
2020-05-25,176.32057829579486
2020-05-26,176.2960674436923
2020-05-27,176.27155659158973
2020-05-28,176.24704573948716
2020-05-29,176.2225348873846
2020-05-30,176.19802403528203
2020-05-31,176.17351318317947
2020-06-01,176.14900233107693
2020-06-02,176.12449147897436
2020-06-03,176.09998062687177
2020-06-04,176.0754697747692
2020-06-05,176.05095892266667
2020-06-06,176.0264480705641
2020-06-07,176.0019372184615
2020-06-08,175.97742636635897
2020-06-09,175.9529155142564
2020-06-10,175.92840466215384
2020-06-11,175.90389381005124
2020-06-12,175.8793829579487
2020-06-13,175.85487210584614
2020-06-14,175.83036125374358
2020-06-15,175.805850401641
2020-06-16,175.78133954953844
2020-06-17,175.75682869743588
2020-06-18,175.7323178453333
2020-06-19,175.70780699323078
2020-06-20,175.68329614112818
2020-06-21,175.65878528902562
2020-06-22,175.63427443692305
2020-06-23,175.6097635848205
2020-06-24,175.58525273271795
2020-06-25,175.56074188061535
2020-06-26,175.53623102851282
2020-06-27,175.51172017641025
2020-06-28,175.48720932430768
2020-06-29,175.4626984722051
2020-06-30,175.43818762010255
2020-07-01,175.413676768
2020-07-02,175.38916591589742
2020-07-03,175.36465506379488
2020-07-04,175.3401442116923
2020-07-05,175.31563335958973
2020-07-06,175.29112250748716
2020-07-07,175.26661165538462
2020-07-08,175.24210080328203
2020-07-09,175.21758995117946
2020-07-10,175.19307909907693
2020-07-11,175.16856824697436
2020-07-12,175.1440573948718
2020-07-13,175.1195465427692
2020-07-14,175.09503569066666
2020-07-15,175.0705248385641
2020-07-16,175.04601398646153
2020-07-17,175.02150313435897
2020-07-18,174.9969922822564
2020-07-19,174.97248143015383
2020-07-20,174.94797057805127
2020-07-21,174.92345972594873
2020-07-22,174.89894887384614
2020-07-23,174.87443802174357
2020-07-24,174.849927169641
2020-07-25,174.82541631753847
2020-07-26,174.80090546543587
2020-07-27,174.7763946133333
2020-07-28,174.75188376123077
2020-07-29,174.7273729091282
2020-07-30,174.7028620570256
2020-07-31,174.67835120492305
2020-08-01,174.6538403528205
2020-08-02,174.62932950071794
2020-08-03,174.60481864861538
2020-08-04,174.5803077965128
2020-08-05,174.55579694441025
2020-08-06,174.53128609230768
2020-08-07,174.50677524020512
2020-08-08,174.48226438810255
2020-08-09,174.45775353599998
2020-08-10,174.43324268389742
2020-08-11,174.40873183179488
2020-08-12,174.38422097969232
2020-08-13,174.35971012758972
2020-08-14,174.33519927548716
2020-08-15,174.31068842338462
2020-08-16,174.28617757128205
2020-08-17,174.26166671917946
2020-08-18,174.23715586707692
2020-08-19,174.21264501497436
2020-08-20,174.1881341628718
2020-08-21,174.16362331076922
2020-08-22,174.13911245866666
2020-08-23,174.1146016065641
2020-08-24,174.09009075446153
2020-08-25,174.065579902359
2020-08-26,174.0410690502564
2020-08-27,174.01655819815383
2020-08-28,173.99204734605127
2020-08-29,173.96753649394873
2020-08-30,173.94302564184616
2020-08-31,173.91851478974357
2020-09-01,173.894003937641
2020-09-02,173.86949308553847
2020-09-03,173.8449822334359
2020-09-04,173.8204713813333
2020-09-05,173.79596052923077
2020-09-06,173.7714496771282
2020-09-07,173.74693882502564
2020-09-08,173.72242797292304
2020-09-09,173.6979171208205
2020-09-10,173.67340626871794
2020-09-11,173.64889541661537
2020-09-12,173.62438456451284
2020-09-13,173.59987371241024
2020-09-14,173.57536286030768
2020-09-15,173.5508520082051
2020-09-16,173.52634115610257
2020-09-17,173.50183030399998
2020-09-18,168.21074230399998
2020-09-19,164.90381230399998
2020-09-20,164.02196430399997
2020-09-21,170.194900304
2020-09-22,168.21074230399998
2020-09-23,166.22658430399997
2020-09-24,161.81734430399996
2020-09-25,161.59710276599998
2020-09-26,163.36068853499998
2020-09-27,165.12427430399998
2020-09-28,166.22658430399997
2020-09-29,165.785660304
2020-09-30,165.27124897066665
2020-10-01,164.75683763733332
2020-10-02,164.242426304
2020-10-03,166.00612230399997
2020-10-04,164.6282899195
2020-10-05,163.25045753499998
2020-10-06,161.87262515049997
2020-10-07,160.494792766
2020-10-08,163.801502304
2020-10-09,162.69919230399998
2020-10-10,157.628786766
2020-10-11,159.245434612
2020-10-12,160.862082458
2020-10-13,162.478730304
2020-10-14,160.053868766
2020-10-15,159.833406766
2020-10-16,162.478840535
2020-10-17,165.12427430399998
2020-10-18,170.63582430399998
2020-10-19,169.864207304
2020-10-20,169.092590304
2020-10-21,169.313052304
2020-10-22,168.54143530399998
2020-10-23,167.76981830399998
2020-10-24,169.16607763733333
2020-10-25,170.56233697066665
2020-10-26,171.958596304
2020-10-27,167.76981830399998
2020-10-28,163.581040304
2020-10-29,163.72801497066666
2020-10-30,163.8749896373333
2020-10-31,164.021964304
2020-11-01,164.16893897066666
2020-11-02,164.31591363733332
2020-11-03,164.462888304
2020-11-04,166.777739304
2020-11-05,169.092590304
2020-11-06,168.83538463733333
2020-11-07,168.57817897066667
2020-11-08,168.32097330399998
2020-11-09,168.0637676373333
2020-11-10,167.80656197066668
2020-11-11,167.54935630399999
2020-11-12,169.533514304
2020-11-13,171.51767230399997
2020-11-14,171.6908924468571
2020-11-15,171.86411258971427
2020-11-16,172.0373327325714
2020-11-17,172.21055287542856
2020-11-18,172.3837730182857
2020-11-19,172.55699316114286
2020-11-20,172.730213304
2020-11-21,172.9034334468571
2020-11-22,173.07665358971425
2020-11-23,173.2498737325714
2020-11-24,173.42309387542855
2020-11-25,173.59631401828568
2020-11-26,173.76953416114284
2020-11-27,173.94275430399998
2020-11-28,174.08972897066664
2020-11-29,174.2367036373333
2020-11-30,174.38367830399997
2020-12-01,174.53065297066664
2020-12-02,174.67762763733333
2020-12-03,174.824602304
2020-12-04,175.92691230399998
2020-12-05,175.81668130399999
2020-12-06,175.70645030399996
2020-12-07,175.59621930399996
2020-12-08,175.485988304
2020-12-09,173.50183030399998
2020-12-10,173.59001510399997
2020-12-11,173.678199904
2020-12-12,173.76638470399996
2020-12-13,173.85456950399998
2020-12-14,173.94275430399998
2020-12-15,176.36783630399998
2020-12-16,177.02922230399997
2020-12-17,177.91107030399996
2020-12-18,178.79291830399998
2020-12-19,177.470146304
2020-12-20,177.32317163733333
2020-12-21,177.17619697066664
2020-12-22,177.02922230399997
2020-12-23,176.88224763733334
2020-12-24,176.73527297066664
2020-12-25,176.58829830399998
2020-12-26,175.88682830399998
2020-12-27,175.18535830399998
2020-12-28,174.48388830399998
2020-12-29,173.782418304
2020-12-30,173.08094830399997
2020-12-31,172.37947830399997
2021-01-01,171.67800830399997
2021-01-02,170.97653830399997
2021-01-03,170.27506830399997
2021-01-04,169.57359830399997
2021-01-05,168.87212830399997
2021-01-06,169.0715939230476
2021-01-07,169.2710595420952
2021-01-08,169.47052516114283
2021-01-09,169.66999078019046
2021-01-10,169.86945639923806
2021-01-11,170.0689220182857
2021-01-12,170.26838763733332
2021-01-13,170.46785325638092
2021-01-14,170.66731887542855
2021-01-15,170.86678449447618
2021-01-16,171.06625011352378
2021-01-17,171.2657157325714
2021-01-18,171.46518135161904
2021-01-19,171.66464697066664
2021-01-20,171.86411258971427
2021-01-21,172.0635782087619
2021-01-22,172.2630438278095
2021-01-23,172.46250944685713
2021-01-24,172.66197506590476
2021-01-25,172.86144068495236
2021-01-26,173.06090630399999
2021-01-27,171.51767230399997
2021-01-28,168.21074230399998
2021-01-29,172.399520304
2021-01-30,172.355427904
2021-01-31,172.31133550399997
2021-02-01,172.267243104
2021-02-02,172.22315070399998
2021-02-03,172.17905830399997
2021-02-04,171.51767230399997
2021-02-05,170.96651730399998
2021-02-06,170.41536230399998
2021-02-07,165.56519830399998
2021-02-08,169.23956497066666
2021-02-09,172.9139316373333
2021-02-10,176.58829830399998
2021-02-11,174.604140304
2021-02-12,175.77993763733332
2021-02-13,176.95573497066664
2021-02-14,178.131532304
2021-02-15,179.3073296373333
2021-02-16,180.48312697066663
2021-02-17,181.65892430399998
2021-02-18,180.997538304
2021-02-19,180.336152304
2021-02-20,179.674766304
2021-02-21,179.01338030399998
2021-02-22,178.68268730399998
2021-02-23,178.35199430399996
2021-02-24,178.131532304
2021-02-25,179.01338030399998
2021-02-26,178.131532304
2021-02-27,175.706450304
2021-02-28,177.249684304
2021-03-01,178.79291830399998
2021-03-02,178.351994304
2021-03-03,177.911070304
2021-03-04,178.131532304
2021-03-05,178.351994304
2021-03-06,178.57245630399999
2021-03-07,178.79291830399998
2021-03-08,179.674766304
2021-03-09,177.69060830399997
2021-03-10,179.23384230399998
2021-03-11,177.470146304
2021-03-12,177.02922230399997
2021-03-13,176.808760304
2021-03-14,177.911070304
2021-03-15,179.01338030399998
2021-03-16,177.580377304
2021-03-17,176.14737430399998
2021-03-18,177.470146304
2021-03-19,176.3696
2021-03-20,177.02922230399997
2021-03-21,176.86387580399997
2021-03-22,176.698529304
2021-03-23,176.533182804
2021-03-24,176.36783630399998
2021-03-25,176.698529304
2021-03-26,175.485988304
2021-03-27,176.808760304
2021-03-28,176.36783630399998
2021-03-29,175.706450304
2021-03-30,175.706450304
2021-03-31,176.58829830399998
2021-04-01,177.02922230399997
2021-04-02,176.51481097066664
2021-04-03,176.00039963733332
2021-04-04,175.485988304
2021-04-05,174.824602304
2021-04-06,174.163216304
2021-04-07,175.706450304
2021-04-08,176.25760530399998
2021-04-09,176.808760304
2021-04-10,176.852852704
2021-04-11,176.89694510399997
2021-04-12,176.941037504
2021-04-13,176.985129904
2021-04-14,177.02922230399997
2021-04-15,175.92691230399998
2021-04-16,177.69060830399997
2021-04-17,173.50183030399998
2021-04-18,175.485988304
2021-04-19,175.92691230399998
2021-04-20,174.05298530399998
2021-04-21,172.17905830399997
2021-04-22,172.509751304
2021-04-23,172.84044430399996
2021-04-24,172.509751304
2021-04-25,172.17905830399997
2021-04-26,173.28136830399998
2021-04-27,174.38367830399997
2021-04-28,175.265526304
2021-04-29,175.92691230399998
2021-04-30,176.147374304
2021-05-01,176.36783630399998
2021-05-02,179.01338030399998
2021-05-03,175.706450304
2021-05-04,174.604140304
2021-05-05,173.50183030399998
2021-05-06,173.86926697066667
2021-05-07,174.2367036373333
2021-05-08,174.604140304
2021-05-09,174.97157697066666
2021-05-10,175.33901363733332
2021-05-11,175.706450304
2021-05-12,176.07388697066668
2021-05-13,176.4413236373333
2021-05-14,176.808760304
2021-05-15,177.17619697066667
2021-05-16,177.54363363733333
2021-05-17,177.911070304
2021-05-18,178.27850697066668
2021-05-19,178.64594363733332
2021-05-20,179.01338030399998
2021-05-21,178.74882590399997
2021-05-22,178.484271504
2021-05-23,178.21971710399998
2021-05-24,177.95516270399997
2021-05-25,177.69060830399997
2021-05-26,177.42605390399999
2021-05-27,177.16149950399998
2021-05-28,176.89694510399997
2021-05-29,176.632390704
2021-05-30,176.36783630399998
2021-05-31,177.1027096373333
2021-06-01,177.83758297066666
2021-06-02,178.57245630399999
2021-06-03,177.911070304
2021-06-04,176.36783630399998
2021-06-05,175.92691230399998
2021-06-06,178.35199430399996
2021-06-07,179.45430430399998
2021-06-08,178.131532304
2021-06-09,177.24968430399997
2021-06-10,178.131532304
2021-06-11,175.92691230399998
2021-06-12,175.04506430399996
2021-06-13,176.36783630399998
2021-06-14,180.336152304
2021-06-15,179.3073296373333
2021-06-16,178.27850697066663
2021-06-17,177.24968430399997
2021-06-18,174.824602304
2021-06-19,175.04506430399996
2021-06-20,175.92691230399998
2021-06-21,176.58829830399998
2021-06-22,175.485988304
2021-06-23,175.5804720182857
2021-06-24,175.67495573257142
2021-06-25,175.76943944685712
2021-06-26,175.86392316114285
2021-06-27,175.95840687542855
2021-06-28,176.05289058971428
2021-06-29,176.147374304
2021-06-30,176.24185801828568
2021-07-01,176.3363417325714
2021-07-02,176.4308254468571
2021-07-03,176.52530916114284
2021-07-04,176.61979287542857
2021-07-05,176.71427658971427
2021-07-06,176.808760304
2021-07-07,175.92691230399998
2021-07-08,178.35199430399996
2021-07-09,177.24968430399997
2021-07-10,177.15962998623996
2021-07-11,177.06957566847998
2021-07-12,176.97952135071995
2021-07-13,176.88946703295997
2021-07-14,176.79941271519996
2021-07-15,176.70935839743998
2021-07-16,176.61930407967998
2021-07-17,176.52924976191997
2021-07-18,176.43919544415996
2021-07-19,176.34914112639999
2021-07-20,176.25908680863998
2021-07-21,176.16903249088
2021-07-22,176.07897817311996
2021-07-23,175.98892385535999
2021-07-24,175.89886953759998
2021-07-25,175.80881521983997
2021-07-26,175.71876090208
2021-07-27,175.62870658431996
2021-07-28,175.53865226655998
2021-07-29,175.44859794879997
2021-07-30,175.35854363104
2021-07-31,175.26848931327999
2021-08-01,175.17843499551998
2021-08-02,175.08838067775997
2021-08-03,174.99832636
2021-08-04,176.95823353999998
2021-08-05,176.09843173999997
2021-08-06,177.25585723999998
2021-08-07,176.80005205499998
2021-08-08,176.30235909
2021-08-09,175.80466612499998
2021-08-10,175.29815467999998
2021-08-11,175.08871577999997
2021-08-12,175.33254675199998
2021-08-13,175.57637772399997
2021-08-14,175.82020869599998
2021-08-15,176.064039668
2021-08-16,176.30787063999998
2021-08-17,176.551701612
2021-08-18,176.795532584
2021-08-19,177.03936355599998
2021-08-20,177.283194528
2021-08-21,177.52702549999998
2021-08-22,177.77085647199996
2021-08-23,178.01468744399997
2021-08-24,178.25851841599996
2021-08-25,178.50234938799997
2021-08-26,178.74618035999998
2021-08-27,178.99001133199997
2021-08-28,179.23384230399998
2021-08-29,178.84293168342856
2021-08-30,178.45202106285714
2021-08-31,178.0611104422857
2021-09-01,177.67019982171428
2021-09-02,177.27928920114283
2021-09-03,176.88837858057144
2021-09-04,176.46219403999999
2021-09-05,176.18000268
2021-09-06,175.75451102
2021-09-07,176.67604218
2021-09-08,177.56450403999997
2021-09-09,177.69898585999996
2021-09-10,177.99881417999998
2021-09-11,178.29864249999997
2021-09-12,176.65620059999998
2021-09-13,179.70078081999998
2021-09-14,180.79868158
2021-09-15,180.86482017999998
2021-09-16,180.889071
2021-09-17,180.91332182
2021-09-18,180.93757263999998
2021-09-19,180.96182345999998
2021-09-20,180.98607428
2021-09-21,181.0103251
2021-09-22,181.03457591999998
2021-09-23,181.05882673999997
2021-09-24,181.08307756
2021-09-25,181.10732837999998
2021-09-26,181.13157919999998
2021-09-27,181.15583002
2021-09-28,181.18008084
2021-09-29,181.20433165999998
2021-09-30,181.22858247999997
2021-10-01,181.2528333
2021-10-02,181.27708411999998
2021-10-03,181.30133493999998
2021-10-04,181.32558575999997
2021-10-05,181.34983658
2021-10-06,181.37408739999998
2021-10-07,183.02093853999997
2021-10-08,182.45655581999998
2021-10-09,181.89217309999998
2021-10-10,181.32779037999998
2021-10-11,182.99227847999998
2021-10-12,180.19241107999997
2021-10-13,180.49554632999997
2021-10-14,180.79868158
2021-10-15,181.51408077
2021-10-16,182.22947996
2021-10-17,181.55376392999997
2021-10-18,180.87804789999998
2021-10-19,180.30484669999998
2021-10-20,179.73164549999998
2021-10-21,179.54645742
2021-10-22,179.36126933999998
2021-10-23,179.04159944
2021-10-24,179.69563670666665
2021-10-25,180.34967397333332
2021-10-26,181.00371124
2021-10-27,182.06413346
2021-10-28,182.14879086799996
2021-10-29,182.233448276
2021-10-30,182.318105684
2021-10-31,182.40276309200001
2021-11-01,182.48742049999998
2021-11-02,182.76961186
2021-11-03,183.05180322
2021-11-04,183.23294949666666
2021-11-05,183.41409577333332
2021-11-06,183.59524205
2021-11-07,183.77638832666665
2021-11-08,183.95753460333333
2021-11-09,184.13868087999998
2021-11-10,185.22555853999998
2021-11-11,182.50726208
2021-11-12,182.44773734
2021-11-13,182.3882126
2021-11-14,182.32868786
2021-11-15,182.26916312
2021-11-16,182.20963837999997
2021-11-17,181.28920952999997
2021-11-18,180.36878067999996
2021-11-19,181.02134819999998
2021-11-20,180.77002151999997
2021-11-21,181.73344045999997
2021-11-22,182.6968594
2021-11-23,182.78724881999997
2021-11-24,183.13116954
2021-11-25,183.47509025999997
2021-11-26,184.36796135999998
2021-11-27,182.77328622666667
2021-11-28,181.1786110933333
2021-11-29,179.58393596
2021-11-30,178.81231896
2021-12-01,179.10222648999996
2021-12-02,179.39213402
2021-12-03,178.1994346
2021-12-04,179.63794915
2021-12-05,181.0764637
2021-12-06,180.17256949999998
2021-12-07,179.26867529999998
2021-12-08,180.08218007999997
2021-12-09,180.14390944
2021-12-10,181.21315013999998
2021-12-11,180.76120304
2021-12-12,180.30925593999999
2021-12-13,180.20784342
2021-12-14,180.76340765999998
2021-12-15,180.64303540799997
2021-12-16,180.52266315599996
2021-12-17,180.40229090399998
2021-12-18,180.28191865199997
2021-12-19,180.1615464
2021-12-20,179.47150033999998
2021-12-21,178.20384383999996
2021-12-22,178.43973817999998
2021-12-23,180.69065519999998
2021-12-24,178.13770524
2021-12-25,178.853214661
2021-12-26,179.568724082
2021-12-27,180.28423350299997
2021-12-28,180.99974292399997
2021-12-29,180.00656161399996
2021-12-30,179.01338030399998
2021-12-31,178.57245630399999
2022-01-01,180.005459304
2022-01-02,179.674766304
2022-01-03,178.57245630399999
2022-01-04,177.02922230399997
2022-01-05,178.79291830399998
2022-01-06,180.115690304
2022-01-07,177.911070304
2022-01-08,179.23384230399998
2022-01-09,178.57245630399999
2022-01-10,178.35199430399996
2022-01-11,179.23384230399998
2022-01-12,176.808760304
2022-01-13,176.36783630399998
2022-01-14,177.24968430399997
2022-01-15,176.14737430399998
2022-01-16,176.58829830399998
2022-01-17,175.92691230399998
2022-01-18,176.00039963733332
2022-01-19,176.07388697066665
2022-01-20,176.14737430399998
2022-01-21,175.92691230399998
2022-01-22,175.92691230399998
2022-01-23,177.470146304
2022-01-24,176.808760304
2022-01-25,176.73527297066667
2022-01-26,176.6617856373333
2022-01-27,176.58829830399998
2022-01-28,175.265526304
2022-01-29,175.265526304
2022-01-30,177.02922230399997
2022-01-31,175.92691230399998
2022-02-01,174.824602304
2022-02-02,175.375757304
2022-02-03,175.92691230399998
2022-02-04,178.57245630399999
2022-02-05,178.57245630399999
2022-02-06,179.23384230399998
2022-02-07,180.55661430399996
2022-02-08,177.470146304
2022-02-09,176.14737430399998
2022-02-10,178.57245630399999
2022-02-11,177.91107030399996
2022-02-12,177.24968430399997
2022-02-13,176.808760304
2022-02-14,176.918991304
2022-02-15,177.02922230399997
2022-02-16,176.808760304
2022-02-17,177.02922230399997
2022-02-18,179.674766304
2022-02-19,175.265526304
2022-02-20,175.63546154
2022-02-21,175.64560279199998
2022-02-22,175.65574404400002
2022-02-23,175.665885296
2022-02-24,175.67602654799998
2022-02-25,175.6861678
2022-02-26,175.696309052
2022-02-27,175.706450304
2022-02-28,176.36783630399998
2022-03-01,175.04506430399996
2022-03-02,176.14737430399998
2022-03-03,176.14737430399998
2022-03-04,177.02922230399997
2022-03-05,176.51481097066664
2022-03-06,176.00039963733332
2022-03-07,175.485988304
2022-03-08,176.36783630399998
2022-03-09,177.24968430399997
2022-03-10,177.470146304
2022-03-11,177.69060830399997
2022-03-12,177.470146304
2022-03-13,177.24968430399997
2022-03-14,177.02922230399997
2022-03-15,177.470146304
2022-03-16,177.911070304
2022-03-17,178.79291830399998
2022-03-18,178.351994304
2022-03-19,177.911070304
2022-03-20,176.14737430399998
2022-03-21,177.24968430399997
2022-03-22,178.35199430399996
2022-03-23,179.01338030399998
2022-03-24,178.021301304
2022-03-25,177.02922230399997
2022-03-26,179.01338030399998
2022-03-27,180.777076304
2022-03-28,178.79291830399998
2022-03-29,177.69060830399997
2022-03-30,178.021301304
2022-03-31,178.35199430399996
2022-04-01,178.68268730399998
2022-04-02,179.01338030399998
2022-04-03,179.34407330399998
2022-04-04,179.674766304
2022-04-05,178.57245630399999
2022-04-06,175.92691230399998
2022-04-07,177.69060830399997
2022-04-08,180.115690304
2022-04-09,178.131532304
2022-04-10,177.470146304
2022-04-11,177.3476674151111
2022-04-12,177.2251885262222
2022-04-13,177.1027096373333
2022-04-14,176.98023074844443
2022-04-15,176.85775185955555
2022-04-16,176.73527297066667
2022-04-17,176.61279408177776
2022-04-18,176.4903151928889
2022-04-19,176.36783630399998
2022-04-20,176.808760304
2022-04-21,176.3916462
2022-04-22,176.6451775
2022-04-23,176.85682101999998
2022-04-24,177.0530322
2022-04-25,179.57952672
2022-04-26,178.55878765999998
2022-04-27,177.39695291999996
2022-04-28,178.31627945999998
2022-04-29,179.235606
2022-04-30,178.85530905
2022-05-01,178.4750121
2022-05-02,178.4198966
2022-05-03,178.3647811
2022-05-04,179.03498557999998
2022-05-05,177.33412124999998
2022-05-06,175.63325691999998
2022-05-07,176.33359120666665
2022-05-08,177.03392549333333
2022-05-09,177.73425977999997
2022-05-10,178.03188347999998
2022-05-11,178.32950717999998
2022-05-12,179.92565205999998
2022-05-13,179.73164549999998
2022-05-14,178.7175203
2022-05-15,178.4970583
2022-05-16,179.82534184999997
2022-05-17,181.15362539999998
2022-05-18,183.32958533999997
2022-05-19,183.53241037999996
2022-05-20,180.94859573999997
2022-05-21,178.7175203
2022-05-22,179.91683357999997
2022-05-23,180.12076092999996
2022-05-24,178.70429258
2022-05-25,179.81321644
2022-05-26,179.19812746
2022-05-27,179.60157292
2022-05-28,180.00501838
2022-05-29,180.51869484
2022-05-30,181.03237129999997
2022-05-31,179.55527589999997
2022-06-01,181.27708411999998
2022-06-02,181.27708411999998
2022-06-03,179.93006129999998
2022-06-04,180.45806779
2022-06-05,180.11965861999997
2022-06-06,180.33130214
2022-06-07,180.71931525999997
2022-06-08,180.28610743
2022-06-09,179.85289959999997
2022-06-10,179.79337485999997
2022-06-11,179.73385011999997
2022-06-12,179.67432537999997
2022-06-13,179.61480063999997
2022-06-14,179.55527589999997
2022-06-15,179.49575115999997
2022-06-16,179.43622642
2022-06-17,179.37670168
2022-06-18,179.31717694
2022-06-19,179.2576522
2022-06-20,179.19812746
2022-06-21,179.13860272
2022-06-22,179.07907798
2022-06-23,179.32379079999998
2022-06-24,180.35775757999997
2022-06-25,179.12647730999996
2022-06-26,177.76732908
2022-06-27,181.06764521999997
2022-06-28,178.87625293999997
2022-06-29,179.05372484999998
2022-06-30,179.23119676
2022-07-01,179.98076756
2022-07-02,180.06233849999998
2022-07-03,180.20784342
2022-07-04,181.99358561999998
2022-07-05,181.57801475000002
2022-07-06,181.16244388
2022-07-07,180.27545176666666
2022-07-08,179.3884596533333
2022-07-09,178.50146754
2022-07-10,176.20204888
2022-07-11,177.53143473999998
2022-07-12,178.86082059999998
2022-07-13,178.35155337999998
2022-07-14,177.84228616
2022-07-15,177.69016738
2022-07-16,176.51510492
2022-07-17,175.9837915
2022-07-18,175.1901283
2022-07-19,174.60149475999998
2022-07-20,173.81885466
2022-07-21,174.72054423999998
2022-07-22,173.73948833999998
2022-07-23,174.38764661999997
2022-07-24,175.0358049
2022-07-25,175.68396317999998
2022-07-26,174.91234618
2022-07-27,175.16734722666666
2022-07-28,175.4223482733333
2022-07-29,175.67734932
2022-07-30,175.93235036666664
2022-07-31,176.18735141333332
2022-08-01,176.44235246
2022-08-02,176.69735350666667
2022-08-03,176.95235455333332
2022-08-04,177.20735559999997
2022-08-05,177.46235664666665
2022-08-06,177.71735769333333
2022-08-07,177.97235874
2022-08-08,177.17097937
2022-08-09,176.3696
2022-08-10,176.53918615384615
2022-08-11,176.7087723076923
2022-08-12,176.87835846153843
2022-08-13,177.0479446153846
2022-08-14,177.21753076923076
2022-08-15,177.38711692307692
2022-08-16,177.55670307692304
2022-08-17,177.7262892307692
2022-08-18,177.89587538461538
2022-08-19,178.06546153846153
2022-08-20,178.23504769230766
2022-08-21,178.4046338461538
2022-08-22,178.57422
2022-08-23,178.802949325
2022-08-24,179.03167864999998
2022-08-25,179.260407975
2022-08-26,179.48913729999995
2022-08-27,179.71786662499997
2022-08-28,179.94659595
2022-08-29,180.17532527499998
2022-08-30,180.39082688
2022-08-31,180.41948693999996
2022-09-01,180.44814699999998
2022-09-02,181.7488728
2022-09-03,182.97905076
2022-09-04,184.20922872
2022-09-05,185.43940668
2022-09-06,185.57382551085715
2022-09-07,185.70824434171428
2022-09-08,185.84266317257143
2022-09-09,185.97708200342856
2022-09-10,186.11150083428572
2022-09-11,186.24591966514285
2022-09-12,186.38033849599998
2022-09-13,186.51475732685714
2022-09-14,186.64917615771427
2022-09-15,186.78359498857142
2022-09-16,186.91801381942855
2022-09-17,187.0524326502857
2022-09-18,187.18685148114284
2022-09-19,187.321270312
2022-09-20,187.45568914285715
2022-09-21,187.59010797371428
2022-09-22,187.72452680457144
2022-09-23,187.85894563542857
2022-09-24,187.9933644662857
2022-09-25,188.12778329714283
2022-09-26,188.26220212799998
2022-09-27,188.39662095885714
2022-09-28,188.53103978971427
2022-09-29,188.66545862057143
2022-09-30,188.79987745142856
2022-10-01,188.93429628228571
2022-10-02,189.06871511314284
2022-10-03,189.203133944
2022-10-04,189.33755277485716
2022-10-05,189.4719716057143
2022-10-06,189.60639043657142
2022-10-07,189.74080926742855
2022-10-08,189.8752280982857
2022-10-09,190.00964692914283
2022-10-10,190.14406576
2022-10-11,190.717707884
2022-10-12,191.291350008
2022-10-13,191.86499213199997
2022-10-14,192.438634256
2022-10-15,193.01227638
2022-10-16,193.585918504
2022-10-17,194.15956062799998
2022-10-18,194.73320275199998
2022-10-19,195.30684487599999
2022-10-20,195.88048699999996
2022-10-21,196.45412912399996
2022-10-22,197.027771248
2022-10-23,197.601413372
2022-10-24,198.17505549599997
2022-10-25,198.74869761999997
2022-10-26,198.71493526872626
2022-10-27,198.68117291745256
2022-10-28,198.64741056617885
2022-10-29,198.61364821490514
2022-10-30,198.5798858636314
2022-10-31,198.5461235123577
2022-11-01,198.512361161084
2022-11-02,198.47859880981028
2022-11-03,198.44483645853657
2022-11-04,198.41107410726286
2022-11-05,198.37731175598913
2022-11-06,198.34354940471542
2022-11-07,198.3097870534417
2022-11-08,198.27602470216797
2022-11-09,198.24226235089426
2022-11-10,198.20849999962056
2022-11-11,198.17473764834685
2022-11-12,198.14097529707314
2022-11-13,198.10721294579943
2022-11-14,198.07345059452572
2022-11-15,198.03968824325202
2022-11-16,198.0059258919783
2022-11-17,197.97216354070457
2022-11-18,197.93840118943086
2022-11-19,197.90463883815715
2022-11-20,197.87087648688345
2022-11-21,197.83711413560974
2022-11-22,197.80335178433603
2022-11-23,197.76958943306232
2022-11-24,197.7358270817886
2022-11-25,197.7020647305149
2022-11-26,197.66830237924117
2022-11-27,197.63454002796743
2022-11-28,197.60077767669372
2022-11-29,197.56701532542002
2022-11-30,197.5332529741463
2022-12-01,197.4994906228726
2022-12-02,197.4657282715989
2022-12-03,197.43196592032518
2022-12-04,197.39820356905145
2022-12-05,197.36444121777774
2022-12-06,197.33067886650403
2022-12-07,197.29691651523032
2022-12-08,197.2631541639566
2022-12-09,197.2293918126829
2022-12-10,197.1956294614092
2022-12-11,197.1618671101355
2022-12-12,197.12810475886178
2022-12-13,197.09434240758807
2022-12-14,197.06058005631434
2022-12-15,197.02681770504063
2022-12-16,196.99305535376692
2022-12-17,196.9592930024932
2022-12-18,196.9255306512195
2022-12-19,196.89176829994577
2022-12-20,196.85800594867206
2022-12-21,196.82424359739835
2022-12-22,196.7904812461246
2022-12-23,196.7567188948509
2022-12-24,196.7229565435772
2022-12-25,196.6891941923035
2022-12-26,196.65543184102978
2022-12-27,196.62166948975607
2022-12-28,196.58790713848236
2022-12-29,196.55414478720866
2022-12-30,196.52038243593495
2022-12-31,196.4866200846612
2023-01-01,196.4528577333875
2023-01-02,196.4190953821138
2023-01-03,196.3853330308401
2023-01-04,196.35157067956638
2023-01-05,196.31780832829267
2023-01-06,196.28404597701896
2023-01-07,196.25028362574525
2023-01-08,196.21652127447155
2023-01-09,196.1827589231978
2023-01-10,196.14899657192407
2023-01-11,196.11523422065036
2023-01-12,196.08147186937666
2023-01-13,196.04770951810295
2023-01-14,196.01394716682924
2023-01-15,195.98018481555553
2023-01-16,195.94642246428182
2023-01-17,195.91266011300812
2023-01-18,195.87889776173438
2023-01-19,195.84513541046067
2023-01-20,195.81137305918696
2023-01-21,195.77761070791325
2023-01-22,195.74384835663955
2023-01-23,195.71008600536584
2023-01-24,195.67632365409213
2023-01-25,195.64256130281842
2023-01-26,195.6087989515447
2023-01-27,195.57503660027098
2023-01-28,195.54127424899727
2023-01-29,195.50751189772356
2023-01-30,195.47374954644985
2023-01-31,195.43998719517612
2023-02-01,195.4062248439024
2023-02-02,195.3724624926287
2023-02-03,195.338700141355
2023-02-04,195.30493779008125
2023-02-05,195.27117543880755
2023-02-06,195.23741308753384
2023-02-07,195.20365073626013
2023-02-08,195.16988838498642
2023-02-09,195.1361260337127
2023-02-10,195.102363682439
2023-02-11,195.0686013311653
2023-02-12,195.0348389798916
2023-02-13,195.00107662861785
2023-02-14,194.96731427734414
2023-02-15,194.93355192607044
2023-02-16,194.89978957479673
2023-02-17,194.86602722352302
2023-02-18,194.8322648722493
2023-02-19,194.7985025209756
2023-02-20,194.7647401697019
2023-02-21,194.7309778184282
2023-02-22,194.69721546715442
2023-02-23,194.6634531158807
2023-02-24,194.629690764607
2023-02-25,194.5959284133333
2023-02-26,194.5621660620596
2023-02-27,194.52840371078588
2023-02-28,194.49464135951217
2023-03-01,194.46087900823846
2023-03-02,194.42711665696476
2023-03-03,194.39335430569102
2023-03-04,194.3595919544173
2023-03-05,194.3258296031436
2023-03-06,194.2920672518699
2023-03-07,194.2583049005962
2023-03-08,194.22454254932248
2023-03-09,194.19078019804877
2023-03-10,194.15701784677506
2023-03-11,194.12325549550135
2023-03-12,194.08949314422762
2023-03-13,194.0557307929539
2023-03-14,194.0219684416802
2023-03-15,193.98820609040646
2023-03-16,193.95444373913276
2023-03-17,193.92068138785905
2023-03-18,193.88691903658534
2023-03-19,193.85315668531163
2023-03-20,193.81939433403792
2023-03-21,193.7856319827642
2023-03-22,193.75186963149048
2023-03-23,193.71810728021677
2023-03-24,193.68434492894306
2023-03-25,193.65058257766935
2023-03-26,193.61682022639565
2023-03-27,193.58305787512194
2023-03-28,193.54929552384823
2023-03-29,193.51553317257452
2023-03-30,193.48177082130078
2023-03-31,193.44800847002708
2023-04-01,193.41424611875337
2023-04-02,193.38048376747966
2023-04-03,193.34672141620595
2023-04-04,193.31295906493224
2023-04-05,193.27919671365854
2023-04-06,193.24543436238483
2023-04-07,193.21167201111106
2023-04-08,193.17790965983735
2023-04-09,193.14414730856365
2023-04-10,193.11038495728994
2023-04-11,193.07662260601623
2023-04-12,193.04286025474252
2023-04-13,193.0090979034688
2023-04-14,192.9753355521951
2023-04-15,192.9415732009214
2023-04-16,192.90781084964766
2023-04-17,192.87404849837395
2023-04-18,192.84028614710024
2023-04-19,192.80652379582654
2023-04-20,192.77276144455283
2023-04-21,192.73899909327912
2023-04-22,192.7052367420054
2023-04-23,192.6714743907317
2023-04-24,192.637712039458
2023-04-25,192.6039496881843
2023-04-26,192.57018733691055
2023-04-27,192.53642498563684
2023-04-28,192.5026626343631
2023-04-29,192.4689002830894
2023-04-30,192.4351379318157
2023-05-01,192.40137558054198
2023-05-02,192.36761322926827
2023-05-03,192.33385087799456
2023-05-04,192.30008852672083
2023-05-05,192.26632617544712
2023-05-06,192.2325638241734
2023-05-07,192.1988014728997
2023-05-08,192.165039121626
2023-05-09,192.1312767703523
2023-05-10,192.09751441907858
2023-05-11,192.06375206780487
2023-05-12,192.02998971653116
2023-05-13,191.99622736525743
2023-05-14,191.96246501398372
2023-05-15,191.92870266271
2023-05-16,191.8949403114363
2023-05-17,191.8611779601626
2023-05-18,191.82741560888888
2023-05-19,191.79365325761518
2023-05-20,191.75989090634144
2023-05-21,191.7261285550677
2023-05-22,191.692366203794
2023-05-23,191.6586038525203
2023-05-24,191.62484150124658
2023-05-25,191.59107914997287
2023-05-26,191.55731679869916
2023-05-27,191.52355444742545
2023-05-28,191.48979209615175
2023-05-29,191.45602974487804
2023-05-30,191.42226739360433
2023-05-31,191.3885050423306
2023-06-01,191.35474269105688
2023-06-02,191.32098033978318
2023-06-03,191.28721798850947
2023-06-04,191.25345563723576
2023-06-05,191.21969328596205
2023-06-06,191.18593093468834
2023-06-07,191.15216858341464
2023-06-08,191.11840623214093
2023-06-09,191.0846438808672
2023-06-10,191.05088152959345
2023-06-11,191.01711917831975
2023-06-12,190.98335682704604
2023-06-13,190.94959447577233
2023-06-14,190.91583212449862
2023-06-15,190.8820697732249
2023-06-16,190.8483074219512
2023-06-17,190.81454507067747
2023-06-18,190.78078271940376
2023-06-19,190.74702036813005
2023-06-20,190.71325801685634
2023-06-21,190.67949566558264
2023-06-22,190.64573331430893
2023-06-23,190.61197096303522
2023-06-24,190.5782086117615
2023-06-25,190.5444462604878
2023-06-26,190.51068390921407
2023-06-27,190.47692155794036
2023-06-28,190.44315920666665
2023-06-29,190.40939685539294
2023-06-30,190.37563450411923
2023-07-01,190.34187215284553
2023-07-02,190.30810980157182
2023-07-03,190.27434745029808
2023-07-04,190.24058509902437
2023-07-05,190.20682274775064
2023-07-06,190.17306039647693
2023-07-07,190.13929804520322
2023-07-08,190.1055356939295
2023-07-09,190.0717733426558
2023-07-10,190.0380109913821
2023-07-11,190.0042486401084
2023-07-12,189.97048628883468
2023-07-13,189.93672393756097
2023-07-14,189.90296158628723
2023-07-15,189.86919923501353
2023-07-16,189.83543688373982
2023-07-17,189.8016745324661
2023-07-18,189.7679121811924
2023-07-19,189.7341498299187
2023-07-20,189.70038747864498
2023-07-21,189.66662512737128
2023-07-22,189.63286277609757
2023-07-23,189.5991004248238
2023-07-24,189.5653380735501
2023-07-25,189.5315757222764
2023-07-26,189.49781337100268
2023-07-27,189.46405101972897
2023-07-28,189.43028866845526
2023-07-29,189.39652631718155
2023-07-30,189.36276396590785
2023-07-31,189.3290016146341
2023-08-01,189.2952392633604
2023-08-02,189.2614769120867
2023-08-03,189.22771456081298
2023-08-04,189.19395220953928
2023-08-05,189.16018985826557
2023-08-06,189.12642750699186
2023-08-07,189.09266515571815
2023-08-08,189.05890280444444
2023-08-09,189.02514045317074
2023-08-10,188.991378101897
2023-08-11,188.9576157506233
2023-08-12,188.92385339934958
2023-08-13,188.89009104807587
2023-08-14,188.85632869680217
2023-08-15,188.82256634552846
2023-08-16,188.78880399425472
2023-08-17,188.755041642981
2023-08-18,188.72127929170728
2023-08-19,188.68751694043357
2023-08-20,188.65375458915986
2023-08-21,188.61999223788615
2023-08-22,188.58622988661244
2023-08-23,188.55246753533874
2023-08-24,188.51870518406503
2023-08-25,188.48494283279132
2023-08-26,188.4511804815176
2023-08-27,188.41741813024387
2023-08-28,188.38365577897017
2023-08-29,188.34989342769646
2023-08-30,188.31613107642275
2023-08-31,188.28236872514904
2023-09-01,188.24860637387533
2023-09-02,188.21484402260162
2023-09-03,188.18108167132792
2023-09-04,188.1473193200542
2023-09-05,188.11355696878044
2023-09-06,188.07979461750674
2023-09-07,188.04603226623303
2023-09-08,188.01226991495932
2023-09-09,187.9785075636856
2023-09-10,187.9447452124119
2023-09-11,187.9109828611382
2023-09-12,187.8772205098645
2023-09-13,187.84345815859078
2023-09-14,187.80969580731704
2023-09-15,187.77593345604333
2023-09-16,187.74217110476962
2023-09-17,187.70840875349592
2023-09-18,187.6746464022222
2023-09-19,187.6408840509485
2023-09-20,187.6071216996748
2023-09-21,187.57335934840108
2023-09-22,187.53959699712738
2023-09-23,187.50583464585364
2023-09-24,187.47207229457993
2023-09-25,187.43830994330622
2023-09-26,187.40454759203251
2023-09-27,187.3707852407588
2023-09-28,187.33702288948507
2023-09-29,187.30326053821136
2023-09-30,187.26949818693765
2023-10-01,187.23573583566392
2023-10-02,187.2019734843902
2023-10-03,187.1682111331165
2023-10-04,187.1344487818428
2023-10-05,187.10068643056908
2023-10-06,187.06692407929538
2023-10-07,187.03316172802167
2023-10-08,186.99939937674796
2023-10-09,186.96563702547425
2023-10-10,186.93187467420051
2023-10-11,186.8981123229268
2023-10-12,186.8643499716531
2023-10-13,186.8305876203794
2023-10-14,186.79682526910568
2023-10-15,186.76306291783197
2023-10-16,186.72930056655827
2023-10-17,186.69553821528456
2023-10-18,186.66177586401082
2023-10-19,186.62801351273708
2023-10-20,186.59425116146338
2023-10-21,186.56048881018967
2023-10-22,186.52672645891596
2023-10-23,186.49296410764225
2023-10-24,186.45920175636854
2023-10-25,186.42543940509483
2023-10-26,186.39167705382113
2023-10-27,186.35791470254742
2023-10-28,186.32415235127368
2023-10-29,186.29038999999997
2023-10-30,186.731314
2023-10-31,189.59732
2023-11-01,191.27283119999998
2023-11-02,188.26132028
2023-11-03,188.16652161999997
2023-11-04,188.01121838888886
2023-11-05,187.85591515777776
2023-11-06,187.70061192666665
2023-11-07,187.54530869555555
2023-11-08,187.3900054644444
2023-11-09,187.2347022333333
2023-11-10,187.0793990022222
2023-11-11,186.9240957711111
2023-11-12,186.76879254
2023-11-13,186.61348930888886
2023-11-14,186.45818607777775
2023-11-15,186.30288284666665
2023-11-16,186.14757961555554
2023-11-17,185.9922763844444
2023-11-18,185.8369731533333
2023-11-19,185.68166992222223
2023-11-20,185.5263666911111
2023-11-21,185.37106346
2023-11-22,184.71849594
2023-11-23,185.98725475
2023-11-24,187.25601355999999
2023-11-25,187.71457451999999
2023-11-26,188.17313547999998
2023-11-27,187.96259426999998
2023-11-28,187.75205305999998
2023-11-29,188.18478847142856
2023-11-30,188.6175238828571
2023-12-01,189.0502592942857
2023-12-02,189.48299470571428
2023-12-03,189.91573011714286
2023-12-04,190.3484655285714
2023-12-05,190.78120094
2023-12-06,190.98292367
2023-12-07,191.1846464
2023-12-08,190.82529334
2023-12-09,188.70665352
2023-12-10,190.71506234
2023-12-11,190.75707259888887
2023-12-12,190.79908285777776
2023-12-13,190.84109311666666
2023-12-14,190.88310337555552
2023-12-15,190.92511363444444
2023-12-16,190.96712389333334
2023-12-17,191.0091341522222
2023-12-18,191.0511444111111
2023-12-19,191.09315467
2023-12-20,191.13516492888886
2023-12-21,191.17717518777775
2023-12-22,191.21918544666664
2023-12-23,191.2611957055555
2023-12-24,191.30320596444443
2023-12-25,191.34521622333332
2023-12-26,191.3872264822222
2023-12-27,191.42923674111108
2023-12-28,191.47124699999998
2023-12-29,191.67168370166664
2023-12-30,191.8721204033333
2023-12-31,192.072557105
2024-01-01,192.27299380666665
2024-01-02,192.4734305083333
2024-01-03,192.67386720999997
2024-01-04,192.87430391166666
2024-01-05,193.07474061333332
2024-01-06,193.27517731499998
2024-01-07,193.47561401666667
2024-01-08,193.6760507183333
2024-01-09,193.87648742
2024-01-10,193.87648742
2024-01-11,193.87648742
2024-01-12,193.87648742
2024-01-13,193.87648742
2024-01-14,193.87648742
2024-01-15,193.87648742
2024-01-16,193.87648742
2024-01-17,193.87648742
2024-01-18,193.87648742
2024-01-19,193.87648742
2024-01-20,193.87648742
2024-01-21,193.87648742
